step,elapsed_sols,mean_surface_pressure_pa,mean_co2_ice_pa,atmosphere_plus_surface_reservoir_mass_kg,mean_surface_temperature_k,min_surface_temperature_k,max_surface_temperature_k,min_air_temperature_k,max_air_temperature_k,max_wind_speed_ms,mean_deep_soil_temperature_k,dry_atmospheric_mass_kg_m2_sr,atmospheric_energy_excluding_surface_geopotential_j_m2_sr,dry_atmospheric_aam_kg_m_s_sr,mean_dust_visible_optical_depth,mean_dust_longwave_optical_depth
0,0.0,669.6725726505574,0.0,2.5984358235794388e+16,200.0,200.0,200.0,200.0,200.0,0.0,200.0,2261.729791278737,345863005.70846546,1188377019134.885,0.3571682461014599,0.12057434337299222
1480,5.001394307629409,669.6456108860025,0.026961751634151196,2.598435823529304e+16,217.35020800284985,145.85993264889748,236.35310007959163,143.41571831930457,229.1865078269305,37.84613700383566,200.0,2261.6387315151906,328102295.6140003,1217047644298.0234,0.3442405606948501,0.11621016150442413
2960,10.00278861525887,669.5264580277184,0.1461145968843652,2.59843582347873e+16,217.02872300711846,145.85993152094517,237.1185714753889,131.02702536059627,229.8521063098496,71.560215715555,200.0,2261.2363086292858,324891563.9238889,1233792226741.0317,0.33191140192896784,0.11204803280381789
4440,15.004182922888331,669.3131873998723,0.3593852126439505,2.5984358234318324e+16,216.61969902481445,145.49119535282932,237.28379704555346,125.21010608596076,230.05598946027885,89.5076997220326,200.00000000000202,2260.5160155303834,323604419.2241932,1239152868938.954,0.3201746359715113,0.10808588651608642
5920,20.005577230517794,668.9575258170877,0.7150467842304838,2.5984358233883828e+16,216.20897051818085,145.0780445583044,237.00272180992025,120.17644261143583,230.08118812314424,92.19876038454642,200.00000000005883,2259.3148159736907,322868131.6267022,1246719067053.3772,0.30919711375977643,0.10438004890363595
7400,25.006971538144153,668.5034895833442,1.1690830080343912,2.598435823349815e+16,215.75242520191426,144.79518252831065,236.6799005927289,116.24836898329062,229.00271545236816,97.83942058966248,200.0000000003468,2257.7813691548768,322026579.8008102,1249727270686.0232,0.2991200549272118,0.10097819343593037
8880,30.008365845770264,667.9107393078674,1.7618332736770936,2.5984358233116572e+16,215.32787043794036,144.6754634668132,236.2957865571934,113.83603662182807,228.7009119980437,111.49570903237664,200.00000000137567,2255.7794341621857,321301214.8076681,1252149026797.026,0.29030747220959446,0.09800320502582757
10360,35.009760153396385,667.1393940231121,2.5331785489668546,2.5984358232749292e+16,214.84709542416581,144.67543980009893,235.6841460524925,111.34109168590517,228.37173657105643,109.07589580727705,200.00000000427048,2253.1743183471717,320472649.4184279,1253786313399.6665,0.28302828164880717,0.09554586556056126
11840,40.01115446102249,666.2072664024294,3.4653061611582165,2.5984358232419816e+16,214.43015746967683,144.5903277253028,235.3365752372737,108.41119298053623,227.84622102456947,115.79927005935225,200.00000001114938,2250.0261816381712,319713636.4755471,1252673228063.14,0.2772909867424528,0.09360904568811709
13320,45.01254876865433,665.1513122973014,4.52126025828553,2.5984358232109376e+16,214.01814208968642,144.44240764967586,235.1104480155493,107.57065960765,227.16806403556583,115.32743889652596,200.00000002557147,2246.459837494289,318760215.28886425,1251807206038.437,0.27328146249805907,0.09225549370470174
14800,50.01394307628714,663.9687955266148,5.703777020759035,2.59843582317907e+16,213.5333361383159,144.44236198001738,235.35370243373418,105.55777998757162,227.090202128104,122.94668320162367,200.00000005303434,2242.4660448287736,317903595.1211344,1249443933209.391,0.2707906051450396,0.09141461968897123
16280,55.01533738391994,662.6050362463047,7.0675362939935855,2.598435823151616e+16,213.13514801314037,144.1995802798714,235.68971180078847,104.27093288504317,227.30073849802886,138.50137581965265,200.00000010150023,2237.8601297616506,317112867.92182076,1245755735748.1494,0.2694751848354825,0.0909705546558966
17760,60.01673169155275,661.0551656575304,8.617406875505665,2.5984358231234376e+16,212.77754179780283,144.1995097006432,235.90787363730908,103.55640023850341,227.60657192717431,124.32486015747958,200.00000018193003,2232.6256485742497,316063370.9521701,1242157477811.7412,0.26898407937098445,0.09080476516936978
19240,65.01812599918556,659.3207277770883,10.351844749367777,2.5984358230979056e+16,212.36309435403,144.19942803495044,236.20765612679762,103.35413929218223,227.6018037455877,132.02993040871416,200.00000030880886,2226.767815977356,315048668.16017926,1235157567888.9897,0.2689201806004978,0.09078319400418275
20720,70.01952030681838,657.4369708852798,12.2356016341638,2.598435823070697e+16,211.99770273812993,144.199356456555,236.28465174300624,103.24768761197562,227.6894700401355,145.05365441517523,200.0000005006487,2220.4056783361702,313962606.3287618,1230003754645.4417,0.2688333566350102,0.09075388365184897
22200,75.02091461445119,655.4090654398325,14.263507073063856,2.5984358230452916e+16,211.59191465215983,144.1992717244338,236.50626718362227,102.61331512214541,227.9957506017671,145.38693257513356,200.0000007804563,2213.5566981820166,312771017.39238197,1226259827617.3765,0.2683601115912507,0.09059412364279695
23680,80.022308922084,653.2402258485536,16.43234665801507,2.598435823020739e+16,211.24386526887565,144.0933149398636,236.63470600801003,102.63484234089623,228.14793535022758,132.88017455005894,200.0000011761583,2206.2317317485176,311641567.0061887,1220833544817.559,0.2672484201850913,0.0902188341383898
25160,85.02370322970734,650.8575529014774,18.81501959803992,2.5984358229933796e+16,210.88788303902197,144.0932370855124,236.9419495382687,102.25070163587235,228.6391240899965,157.695281393389,200.00000172097737,2198.1845716775197,310149277.10675687,1209736986552.4304,0.2653748211708039,0.08958633679056308
26640,90.02509753732674,648.2634500340666,21.409122459255567,2.5984358229693404e+16,210.60438287745922,144.0931221213733,237.24798844461998,100.34310512035717,228.9675702916729,133.0140241663251,200.00000245375526,2189.423335251721,308725875.0002234,1205182967329.773,0.262730396075739,0.08869362087055829
28120,95.02649184494616,645.4824883117523,24.1900841750757,2.5984358229441428e+16,210.25316048202987,144.09303736844834,237.66134456033203,99.79077933854359,229.36021459969365,161.30945513793716,200.0000034192205,2180.0310079672545,307122677.94468963,1197774420855.5037,0.2593604505669637,0.08755598069231102
29600,100.0278861525656,642.5552992396637,27.11727324148729,2.5984358229221144e+16,209.89105772638393,144.0928865518982,238.04117186775656,100.62812790868114,229.46310510559394,149.2565793534161,200.00000466820057,2170.14481731315,305738250.2928043,1189846950062.2783,0.25543331319911744,0.08623024121445849
31080,105.029280460185,639.5082435703085,30.164328904958374,2.598435822899283e+16,209.57791049072353,144.09277349368895,238.52897449162606,96.6462211251022,229.59783994264575,163.841601870042,200.00000625777756,2159.8537932149275,304150593.07919776,1182227568801.1074,0.2512552573120742,0.08481979570084518
32560,110.03067476780443,636.3034009475368,33.369171522142906,2.5984358228776044e+16,209.2336716731608,144.0499446774048,238.97346203651028,97.68745846618266,230.3283379866866,162.19977673288412,200.00000825139088,2149.0298647276177,302466981.45578825,1173578992052.1663,0.2471149833070641,0.08342210480324572
34040,115.03206907542386,632.9651181685236,36.70745429557876,2.598435822855963e+16,208.94261832914225,144.0498053774105,239.4266559662597,97.35118474079886,230.64986490491648,162.57963470809517,200.00001071888735,2137.7552599112323,300860255.49587035,1165905565738.0413,0.2432680995880539,0.08212345777553365
35520,120.03346338304327,629.445154374669,40.22741808362316,2.598435822833419e+16,208.75475434695272,144.04964634853556,239.82548439940285,98.57113165703282,230.97112373716857,155.35862434220573,200.00001373652256,2125.867051700355,298913262.92097574,1156694160193.8308,0.23985143024105268,0.08097004429894215
37000,125.03485769066269,625.7489383905756,43.92363406227227,2.5984358228122948e+16,208.5265471845945,144.04947889506903,240.3116824278655,95.95111319713274,231.3560549773965,169.29462881311022,200.00001738691603,2113.3835752259697,297056114.95246154,1148039338377.2698,0.23686330538610256,0.07996130070095137
38480,130.0362519982821,621.892817334619,47.77975511279396,2.5984358227912064e+16,208.31193049521568,144.04931695039036,240.744630242592,98.13462625824862,231.7341493741866,163.59710037476842,200.00002175896333,2100.360040699963,295064862.4698894,1138540632763.7656,0.23434617626454862,0.07911155773465312
39960,135.03764630590152,617.9047977466719,51.76777469569828,2.598435822771639e+16,208.0996699808636,144.01494563718157,241.7078053549878,97.44030156038284,231.76291176144278,165.3808584448342,200.0000269477094,2086.8910364751628,293068081.82685655,1130046580530.2988,0.23227963330020546,0.07841392551249976
41440,140.03904061352094,613.7985346280932,55.874037809008854,2.5984358227511976e+16,207.93192527945513,143.94236047169306,243.02643028246987,96.24914724233061,233.1001946934995,159.15088660137678,200.00003305418585,2073.0226804973154,291030306.57728964,1121114542142.958,0.23053585199739138,0.07782525257921949
42920,145.04043492114036,609.5956727490358,60.076899682764946,2.5984358227306276e+16,207.7219159203944,143.94215956968412,244.2043211091662,96.76441132711768,233.97311124963232,169.12753406066628,200.00004018521747,2058.8280750905715,288931121.6007626,1109301413055.3936,0.2289866222978652,0.07730225721694349
44400,150.04182922875978,605.2817205330406,64.39085189380029,2.5984358227113824e+16,207.63433284986246,143.83534908203674,245.20395479602263,97.26997398366815,235.05283546083302,163.9736866744558,200.00004845319984,2044.2582768883674,286630804.9451062,1100303815257.8967,0.22755910980466515,0.07682035158460127
45880,155.0432235363792,600.8863475164424,68.78622490567224,2.598435822693044e+16,207.51669556927544,143.58291391427872,246.164240405366,94.81794403995983,235.50747052018582,150.15663148715083,200.00005797585442,2029.413490792267,284587145.2098605,1094054014598.3859,0.2262587870126761,0.07638138322415679
47360,160.04461784399862,596.4285077592169,73.24406465779585,2.5984358226732484e+16,207.39694389968835,143.58253092861116,247.02837197716838,96.5291234210205,236.08203622336748,170.04053620677934,200.00006887596237,2014.3577316116912,282326922.82761824,1085979263442.5687,0.22500128814672118,0.0759568714948856
48840,165.04601215161804,591.8924793058573,77.78009310694632,2.5984358226569164e+16,207.36113564228037,143.47460084855044,247.8198530701701,95.50625572247029,236.8349231308652,184.59626760374894,200.00008128108277,1999.0379005389543,279978468.00331724,1073113694705.5908,0.22382589768508462,0.07556007838173043
50320,170.04740645923746,587.2966587223298,82.37591368608753,2.598435822639896e+16,207.29858758937746,143.44359910721204,248.54263517020505,93.7018519701563,237.47349893241153,174.7681887181914,200.00009532325697,1983.5161295218218,277936812.6495116,1067399641952.363,0.2228739376513476,0.07523871175696326
51800,175.0488007668569,582.6245960265682,87.04797637761342,2.5984358226234612e+16,207.26894179259543,143.4007613868613,249.12492386411205,93.97203376735045,237.9458883047443,181.34979599480542,200.00011113870363,1967.7368609400096,275763428.7086844,1060026265090.5461,0.22222967240287175,0.07502121802840664
53280,180.0501950744763,577.90299153713,91.76958086294653,2.5984358226075332e+16,207.2890309357958,143.40015940011062,249.61858272385885,92.75306945857132,238.55267795466006,158.48012758268396,200.00012886750665,1951.790271558082,273492300.1964166,1046063333168.1415,0.221981002664478,0.07493727106653933
54760,185.05158938209573,573.1595202115708,96.513052184219,2.5984358225908996e+16,207.32363269768143,143.28703829122463,250.011729956416,91.15853395033284,238.67726715776274,164.79370523674166,200.00014865329953,1935.7698298538166,271448099.8000684,1040086303978.5575,0.22222883348693842,0.07502093471429899
56240,190.05298368971515,568.3839901497877,101.28858224164166,2.5984358225739804e+16,207.36525131296207,143.28627067792823,250.26238770366967,92.63289791037768,238.84523722836187,173.58381250247513,200.00017064294838,1919.6411140440407,269361185.310547,1030546906556.6627,0.2230098710629857,0.07528460065600759
57720,195.05437799733457,563.591196509459,106.08137587795606,2.598435822558404e+16,207.4725147744279,143.28542727445148,250.4208531018954,91.74579767349915,239.16314379098552,172.31630211423519,200.00019498623635,1903.4540928003935,267134090.73771152,1023688794270.5322,0.22427860831596963,0.07571290627235666
59200,200.05577230495402,558.8045972941263,110.86797508916553,2.598435822542406e+16,207.5882098594389,143.2238208027381,250.50023549526156,92.21511403519526,238.94493145222626,172.28703781404676,200.00022183555222,1887.28799240094,264837954.79607156,1010360263656.6986,0.2258310871925447,0.07623699850645889
60680,205.05716661257344,554.0455997212907,115.62697265787033,2.5984358225263772e+16,207.7219488406646,143.0709123119429,250.49691099459068,92.65835999816002,239.01247192992122,165.78269034912844,200.00025134558476,1871.2151128674338,262808672.34684473,1002835334378.3782,0.22742143240635404,0.07677387388835098
62160,210.05856092019283,549.3433449101976,120.32922746491087,2.5984358225106532e+16,207.86312241569044,143.03577482146724,250.31815580271086,92.52667221385701,238.9722171242105,167.05735193905778,200.00028367302536,1855.3338744432008,260818104.14145377,997908134007.3679,0.22876807575830543,0.07722847941155772
63640,215.05995522781225,544.6693574442379,125.00321492674014,2.5984358224946264e+16,208.0573997870321,143.03441528186565,250.06728485936645,90.16164963118413,238.9467737711569,173.59591359045052,200.000318976281,1839.5481052067764,258513331.90321723,988230253461.7169,0.2296084896721174,0.07751218976550049
65120,220.06134953543167,540.0583461717814,129.61422619498217,2.5984358224782732e+16,208.2360622042463,143.00612577450158,249.71024173932636,90.15667704259539,238.51292046783936,170.24854459375504,200.00035741519864,1823.9750296639636,256370159.5205617,978772207646.4652,0.229711482761363,0.07754695859849675
66600,225.0627438430511,535.5526173813646,134.11995498121502,2.5984358224620388e+16,208.45961231284696,142.71272892345803,249.22890914103485,92.64074732815125,238.12625474945432,153.76629209073687,200.0003991508035,1808.7575316613602,254503237.11656246,973272641068.5381,0.22884066950945914,0.07725298587871532
68080,230.0641381506705,531.1331707762197,138.53940158205393,2.598435822445331e+16,208.6610023691773,142.68191486238956,248.69553195877492,91.68463195907393,237.71029299823337,187.81193480355967,200.0004443450519,1793.8314402309475,252506270.53646755,969303736587.5072,0.22694178728996314,0.07661195325471905
69560,235.06553245828997,526.7883099460599,142.88426240835452,2.598435822430357e+16,208.9529527083031,142.59874171854307,247.99606145336315,93.13172058355431,237.0333500023326,175.92455967938446,200.00049316059977,1779.1572523070822,250262115.17546475,958229239622.6558,0.22405938576944362,0.0756389001425449
71040,240.06692676590936,522.5428301841057,147.12974216649434,2.5984358224155564e+16,209.25308787835888,142.48975120441196,247.2584973116608,92.55354661571361,236.4193819429019,154.24611861883764,200.00054576058864,1764.8187106853493,248534075.64358336,952815411716.7418,0.22040128716654706,0.07440398401436472
72520,245.06832107352878,518.4142579132276,151.2583144333858,2.5984358224000876e+16,209.5339132707394,142.476610579327,246.4228758339474,90.42008684852311,235.76147404281807,182.7280609823407,200.00060230844872,1750.8750085212705,246698455.04796496,947954205256.6633,0.21630293778679768,0.07302044625218718
74000,250.0697153811482,514.3802499229884,155.29232241991545,2.5984358223856932e+16,209.8780629341821,142.4418322796661,245.4618603057017,91.73317149822127,234.9991297371897,178.89069023791504,200.0006629677209,1737.2506846017932,244781550.7048443,942660969079.2683,0.2121835310185422,0.07162979976237338
75480,255.07110968876762,510.4626119915765,159.20996034715586,2.5984358223695084e+16,210.27741296669876,142.43849431572036,244.45852296986288,92.29964331641777,234.12532326975395,180.49602926914085,200.00072790189702,1724.0193850342341,242885466.2081967,935085123635.1489,0.20849071233293698,0.07038316266366519
76960,260.072503996387,506.69041622638366,162.98215610810985,2.59843582235306e+16,210.60485657069262,142.4350351258596,243.78191760929911,91.88608573168797,234.06393333431035,156.08228944956903,200.00079727427988,1711.279296983586,241372425.15029317,929857615648.3484,0.20565656410432248,0.0694263990989617
78440,265.07389830400643,503.122612275325,166.54996005473896,2.5984358223358736e+16,211.02113818732772,142.4321563527604,243.43537397549494,89.09271301752149,233.447120820666,193.18743953440026,200.0008712478625,1699.2295150228097,239880152.54566777,923882201640.0032,0.20400975720008763,0.06887046314790754
79920,270.07529261162585,499.72592481135507,169.94664751471953,2.5984358223203936e+16,211.47682832888842,142.33614570104032,243.12828018589724,94.0127641339243,233.55285783408385,161.2782882573006,200.0009499852274,1687.7576561731676,238295073.44098666,918228393926.8942,0.20376976907455044,0.06878944692707205
81400,275.07668691924533,496.55196766543975,173.12060465672283,2.5984358223052144e+16,211.9231598150441,142.33316396004162,242.86021702784225,94.87034874803106,233.29238708504462,153.40816360206028,200.0010336484659,1677.038039264346,237207835.6511093,916725349027.7571,0.20504551688156103,0.06922011922892238
82880,280.0780812268647,493.6136488440966,176.05892347416813,2.59843582229009e+16,212.39050089428042,142.23676406421427,242.56543586447017,95.60322029608692,232.87908533231814,188.79779253469277,200.0011223991171,1667.114259366652,235979941.1078248,910002756133.8081,0.20775374860014623,0.07013437535803276
84360,285.0794755344841,490.96739043693776,178.7051818770741,2.5984358222735884e+16,212.85778570043755,142.23250670937412,242.38337164687786,95.51240433969537,232.6346924291682,184.18323905316694,200.00121639812738,1658.1768745620095,235112376.6714393,908624710292.5425,0.21154842952742425,0.07141539945966471
85840,290.08086984210354,488.64487773945984,181.02769457045406,2.5984358222576876e+16,213.38970342057792,142.22783486847712,242.0475018292397,96.23839634849485,232.44815749694723,167.27078985239868,200.00131580582945,1650.3328977096826,234173119.82189947,904514284886.9343,0.21619013467395748,0.0729823656120388
87320,295.08226414972296,486.66518694952936,183.00738535586805,2.5984358222401628e+16,213.8491579678482,142.21348030749576,241.8494025570857,96.6576058377018,232.5112122935464,145.0814923271117,200.0014207819409,1643.6467561235286,233621860.54615778,904575679119.2968,0.2212916477379318,0.0747045556030355
88800,300.0836584573424,485.08000640889236,184.59256589237663,2.598435822224144e+16,214.33881825257936,142.16062118577446,241.7063464875183,99.41893643566354,232.61743533160126,153.14436837068558,200.00153148558235,1638.2930202834539,233116084.18470263,902002887227.7722,0.22658257769145423,0.076490689808346
90280,305.0850527649618,483.9319330916917,185.7406392056826,2.598435822209032e+16,214.8430929962318,142.12329011773383,241.64258605894983,97.54012906280002,232.3219945054175,164.33201851201125,200.00164807531473,1634.415555787921,233010889.4765565,903865765359.7521,0.2319363422327576,0.07829803595366852
91760,310.0864470725812,483.2663903590254,186.4061819345505,2.5984358221942936e+16,215.33740259247398,141.98546735655623,241.87136672296435,98.70940871810099,232.32682248155476,152.5741777170978,200.0017707091951,1632.167773980339,232965997.89195007,903970936442.0144,0.2373937422124109,0.08014036778521552
93240,315.08784138020064,483.1663247323062,186.5062475576117,2.5984358221801e+16,215.85419287021745,141.73766005025183,241.9018718711074,98.68182011089371,232.08595130741202,161.46549675265433,200.00189954485054,1631.8298156731353,233281977.14147863,904478885810.2284,0.2432321073000287,0.08211130741255399
94720,320.08923568782006,483.6422769690213,186.03029531648724,2.5984358221629908e+16,216.30386831569723,141.73229975729234,241.90026321332178,98.58336115990255,232.33259716560258,131.9741230345468,200.00203473956935,1633.437280868766,233822435.53681797,907481619349.9384,0.2498727636111589,0.08435308776263614
96200,325.0906299954395,484.84533083945325,184.82724144192684,2.598435822146972e+16,216.7736642366649,141.7255180436853,241.98033527207832,98.47473271717693,232.076877587482,141.9580888463548,200.00217645040897,1637.500434849374,234951882.78150943,912278606005.9629,0.2577417700537064,0.08700953974813222
97680,330.09202430305896,486.71536038845375,182.95721188841244,2.5984358221294572e+16,217.28256821154469,141.72055087872857,241.94497130702692,100.53539739812648,231.8044720682298,147.9411514855173,200.00232483431887,1643.8162102212184,236221571.08225945,914097596374.6028,0.26722206332668025,0.09020993663495369
99160,335.0934186106784,489.1478366888541,180.5247355831281,2.5984358221105064e+16,217.85275409018521,141.71533883036815,242.1278600651602,100.99724750380628,232.07611066182014,145.32067853290607,200.00248004827853,1652.0315744751547,237618519.69391888,920768707729.749,0.27857786966540904,0.09404347696048374
100640,340.09481291829775,491.938339859572,177.7342324080419,2.598435822093557e+16,218.49255777413256,141.70992664238545,242.58633768170273,102.24591148479848,232.86458694558812,135.86225958584268,200.00264224944772,1661.4561267289375,239590814.17787182,926867054423.5757,0.29177294337558246,0.09849792479851854
102120,345.09620722591717,494.7287491539223,174.94382310905013,2.598435822075547e+16,219.3101863534978,141.70313446650903,242.81217280580654,102.16949281703833,233.35025765166068,142.40309386649918,200.00281159532912,1670.8803619278106,241542209.5913299,935242463978.2317,0.3065160687509051,0.10347497050893556
103600,350.09760153353665,497.47748796344007,172.19508429446947,2.5984358220559024e+16,219.99142932772378,141.69871091258085,243.23678284891776,105.07879054586827,234.6551314172642,141.84381133484553,200.00298824394145,1680.1638606222905,243498408.07348344,941369436354.6211,0.3220736568938251,0.10872696597429998
105080,355.09899584115607,500.64246043523724,169.03011181740337,2.5984358220354584e+16,220.62665919636822,141.69416179855685,243.98229953360797,105.98232612579812,235.02279721214708,125.34599816412175,200.0031723540019,1690.8531329926786,245714575.03986692,948506267825.8735,0.3374722499222072,0.11392528708241659
106560,360.1003901487755,504.434892645048,165.23767960224188,2.598435822014697e+16,221.09722175061444,141.69113346416097,244.86377887868133,107.2987387942133,236.2078403042221,133.95224895862538,200.00336408511754,1703.6615669358291,248123570.1635873,956726578681.4878,0.35169811005353646,0.11872771210714038
108040,365.1017844563949,509.03483188603394,160.63774035513302,2.598435821990939e+16,221.50726415590572,141.6891813028636,245.71270818232128,109.5409157828236,236.96054350500845,133.4375645197484,200.00356359798616,1719.1972481691696,250731563.0249728,963448047176.6599,0.3637983706210085,0.1228125684700878
109520,370.1031787640143,514.6122378355348,155.06033439960123,2.5984358219675372e+16,221.8951615134891,141.68792631482003,246.25179833699733,112.62667493335087,237.24500191172447,127.33387619121224,200.00377105460558,1738.0341928332057,253811295.3771981,971210707292.8939,0.372977350643767,0.1259112467757464
111000,375.1045730716337,521.2436995447052,148.428872683425,2.5984358219403544e+16,222.2085820544859,141.6876469667549,247.2877026303785,109.34283894411524,239.0354706207655,139.44269380894553,200.00398661849212,1760.4310702325452,257897741.0504133,988442856804.947,0.3788177270015036,0.12788286529076506
112480,380.1059673792531,528.9612857393711,140.71128648269976,2.5984358219168424e+16,222.58802980228393,141.68745504572038,248.5022890477699,113.08051940419037,239.3522095740678,135.15955358232353,200.00421045490657,1786.4961882112466,261934632.87442124,1000132550298.3337,0.3818861175897427,0.12891870534092773
113960,385.1073616868726,537.6779235471193,131.99464866804172,2.5984358218900316e+16,222.7813588124174,144.23195876816018,249.78222802706821,115.40134592308497,240.78607645816325,135.7834789194109,200.0044427310865,1815.9354697567646,266730964.04877388,1014179768449.8745,0.38340485463945373,0.12943140699253303
115440,390.10875599449196,547.5065362455919,122.1660359627532,2.598435821863584e+16,223.11836984656725,144.23195876816018,250.82268358747785,118.04946953602638,241.67122235311479,144.1962308857224,200.00468361648205,1849.1302981773026,272167268.00727534,1033643998099.3292,0.38498714834644754,0.12996556421769712
116920,395.11015030211144,556.3766887102151,113.29588349138955,2.5984358218374308e+16,224.0091115163475,144.21011000035162,251.58408693156943,121.4698848061245,241.18096593779924,131.15695096424147,200.00493328299285,1879.0880550001907,277233835.3353266,1049463867371.2628,0.3884604918777482,0.13113810993774166
118400,400.1115446097308,564.1884072400032,105.4841649542654,2.598435821808966e+16,224.56646956232242,144.73122651088755,252.42830394603337,121.0147718006749,242.14130525443093,130.32566434400974,200.00519190520322,1905.4710923851267,281584386.6655243,1053871837870.107,0.3955022387677095,0.13351529222444192
119880,405.1129389173502,572.3854774626009,97.28709472291936,2.598435821775021e+16,224.75216902962035,145.2758137424659,253.4570811284449,119.87124083725473,243.04028704591113,136.74608515489683,200.00545966061276,1933.1556037132127,286238774.3564251,1067078270823.7157,0.40733339454863493,0.13750930313014376
121360,410.1143332249697,581.4970213488076,88.17555082818971,2.59843582174195e+16,224.94448461829964,145.35574578437385,254.08428323410186,118.72538596690282,243.2085795867435,164.02749908887188,200.00573672986022,1963.9286278650181,291660549.46932477,1085396013157.3168,0.42449149937635505,0.14330160774688636
122840,415.11572753258906,591.5395583735227,78.13301379586835,2.5984358217124364e+16,225.28798644516223,145.35574578437385,255.09402921495098,116.57176805973184,244.4986271267174,141.7655788751619,200.0060232969406,1997.8459571636006,296964354.7075567,1105174896274.3743,0.4470654080843174,0.1509222017900611
124320,420.11712184020854,602.4472255286383,67.22534663267132,2.5984358216810796e+16,225.32037656710744,145.35574578437385,256.1431403735823,114.07780337720108,245.14422883884947,185.16568109666608,200.0063195494153,2034.6851480840728,303257191.68551284,1127461566449.4739,0.474078935501005,0.16004154056683945
125800,425.1185161478279,612.8509604109153,56.82161174385336,2.598435821655699e+16,226.4549741503226,145.35574578437385,257.07696354781615,112.9677788643105,246.37389602775445,165.4818927684381,200.00662567861502,2069.822374968964,309318818.06558406,1147394990457.212,0.5038180409329848,0.1700809914948907
127280,430.1199104554473,620.4247755376234,49.24779661030427,2.5984358216291556e+16,227.1813278686285,145.3855249785279,259.46688647259174,111.92325285092687,248.58562832647766,174.04167184989586,200.00694187983405,2095.401925342236,313830295.63668215,1154090078197.0322,0.5347493571711104,0.18052291414703875
128760,435.12130476306675,628.0459808950199,41.62659124334039,2.5984358215920324e+16,227.35298802797465,146.06547183378981,260.75212446289754,104.70902694086712,248.52814940575578,181.92811276287867,200.0072683525147,2121.141529898612,318971394.13802433,1158160796600.0317,0.5653382557019526,0.19084924190405395
130240,440.12269907068617,636.2107638049232,33.46180832314807,2.5984358215521092e+16,227.4172369351991,146.16035498435417,262.5153456435987,106.74691799397557,251.17695852016794,192.091540361752,200.0076053004205,2148.7169951346477,323758668.39490604,1176745572531.9321,0.5943528871201345,0.20064412199523185
131720,445.12409337830564,643.8478874218457,25.824684698487395,2.5984358215220844e+16,228.31303323097583,146.23113714727353,263.6229234380479,107.48696597505635,251.61552429590796,180.45177289723003,200.0079529317985,2174.5103614893505,328312228.4799417,1184751910804.433,0.6216040471309907,0.20984368190522495
133200,450.125487685925,648.3512672132531,21.32130489920778,2.5984358214915388e+16,228.81426813655446,146.23113949055048,265.46435383360824,101.23770407457377,254.11809068921988,211.35252067168858,200.0083114595322,2189.7199260611155,331694901.56372,1202055293519.08,0.6474949297776629,0.218584033888478
134680,455.1268819935445,651.5831645467954,18.0894075585111,2.5984358214637784e+16,229.40979873793412,146.24113725679902,266.4257171109291,101.46950286868892,254.3949890410508,190.22017598029288,200.00868110128573,2200.6352282254184,334095332.6864147,1207451756949.5125,0.6722035128979394,0.22692526031163712
136160,460.12827630116385,652.2434451440331,17.429126953515965,2.5984358214336784e+16,230.04789125193835,146.417940313302,267.84148727425895,100.18247897679588,256.5664685839423,201.43486149076887,200.00906207963968,2202.8652378724687,334441062.4477958,1207703713351.401,0.6959868011569376,0.23495412155398163
137640,465.1296706087833,650.9379109981642,18.734661092142908,2.5984358214055788e+16,230.31746263631874,146.7672420089285,268.95048038882953,98.1623624755159,257.869080444657,206.97906594524915,200.00945462221847,2198.4559704306853,334070945.52137834,1205145671096.6602,0.7179141437315513,0.24235644516585675
139120,470.13106491640264,648.6061723062094,21.06639977724037,2.5984358213789708e+16,230.466686795219,148.55998152526737,269.958664572935,95.37041061010707,258.95437755454145,236.84662717636837,200.00985896181095,2190.580834012603,332941583.72570443,1199464630728.8542,0.7359091058932641,0.2484312594363799
140600,475.1324592240221,645.8825516478789,23.7900204293852,2.5984358213549696e+16,230.44764199256892,148.55998152526737,270.9980683597729,97.53918623495603,260.68534380577177,208.53584029352646,200.0102753364851,2181.382168523427,331385045.2970746,1188462578747.389,0.7483820878566761,0.2526419407330115
142080,480.1338535316416,643.0141212163105,26.658450854692767,2.598435821330677e+16,230.19040956231532,148.5599815252605,271.57542087109255,89.23887325838996,261.2387329099863,240.12426063752642,200.01070398969742,2171.6944273402833,330101738.62499994,1181015044716.424,0.7540334738467029,0.25454975930954643
143560,485.13524783926096,640.0698700974958,29.602701966516992,2.5984358213035524e+16,230.09021178255293,148.55998152524418,272.0252050155604,92.03190856254892,261.9340153792285,223.70345803307507,200.01114517039758,2161.750611899145,328651954.6775889,1171244550171.8445,0.7523760136024058,0.25399022689344186
145040,490.1366421468804,636.8181982191618,32.8543738383811,2.598435821278448e+16,229.87385470430007,148.55998152524418,271.7537255484611,93.64245450271213,261.3406005876009,210.22982648524598,200.01159913312654,2150.768523847394,326266891.2057869,1166789216571.4243,0.7433911324454479,0.2509570732551109
146520,495.1380364544998,633.4425754577162,36.229996593748936,2.598435821254866e+16,229.5444910503445,148.54478869909337,271.8853707005243,95.88033130998436,261.358833450296,197.60968829832854,200.01206613810592,2139.3678082208576,324606965.2792998,1155407398438.0679,0.727902013836732,0.24572819203074933
148000,500.1394307621192,629.9183637123815,39.75420833244425,2.598435821229104e+16,229.3124514788411,148.54478869907456,271.72837462436286,97.52050067313628,261.13769901498574,206.84115292254285,200.01254645131428,2127.46525312046,322273080.3678015,1149642905553.836,0.7080206551763469,0.23901656014162345
149480,505.1408250697386,626.2642421548006,43.40832988334498,2.598435821203184e+16,229.00784747497195,148.54478869905802,271.7388539506367,95.84866011809045,262.3500697742039,195.51440874075504,200.01304034454733,2115.1239449569453,319869953.31337017,1142017671376.8052,0.6854615169648275,0.23140095235672128
150960,510.14221937735806,622.531737765149,47.140834266700054,2.598435821178752e+16,228.6105328259796,148.54478869903102,271.13624787337227,100.65596105052376,260.9954385121905,219.9214875433386,200.01354809545836,2102.517909233038,317619822.4191282,1142132215067.4653,0.6617892049858825,0.22340955471248777
152440,515.1436136849775,618.738590818379,50.9339812079958,2.5984358211575108e+16,228.36075181597795,148.54478869899216,270.3939653793749,95.62014107900515,260.3169399327236,190.79022119880975,200.01406998757477,2089.7070613611418,315188513.2866343,1133080911479.6057,0.6389475252229642,0.2156985656385222
153920,520.1450079925969,614.8694587265119,54.8031132939589,2.5984358211346024e+16,228.0369498076716,148.5012325922602,269.8258226436601,95.30111623466543,259.1695525119634,233.1081241518076,200.0146063102892,2076.6395837967966,312660125.8127948,1122379920531.2688,0.6176371999826016,0.20850453733693486
155400,525.1464023002163,610.9760491077263,58.6965229069889,2.59843582111227e+16,227.755221849012,148.38854555727707,269.76250260563415,93.75446509511778,260.7965032271282,217.87942523355838,200.01515735882163,2063.4901121234907,310190545.43351233,1113744052793.019,0.5976765417323944,0.20176613501861235
156880,530.1477966078357,607.0872376444729,62.58533436403326,2.5984358210881784e+16,227.4148440381503,148.34946572037137,269.01802869510254,88.48016878279783,260.07694725893316,199.20514605442028,200.01572343415205,2050.3561701071794,307752791.3903811,1107169849493.7683,0.5784019254809327,0.19525932990386863
158360,535.1491909154552,603.3385207457069,66.33405125712886,2.5984358210661756e+16,227.10279535634976,148.3110066546483,268.76641374653644,95.19836154045208,260.664934271677,193.80314120943697,200.0163048429221,2037.6953787962088,305853156.5593852,1100141671620.093,0.5587688171190444,0.18863150353278574
159840,540.1505852230746,599.6321866640371,70.04038533262187,2.5984358210422092e+16,226.85362878021562,148.31100665457913,267.88031389573666,95.42049255592725,258.91636284369963,182.59637374037445,200.01690189730573,2025.1777297968401,303377811.203002,1095065813774.4221,0.5381071752448199,0.1816564603831961
161320,545.151979530694,596.0178862807696,73.65468570960778,2.5984358210178356e+16,226.46889522668292,148.07222094252464,266.97393227951784,96.71514763129672,257.92804052866546,186.30364783633843,200.0175149148493,2012.970912338106,300851329.2367524,1090101526639.8033,0.5160187563679145,0.1741997599647569
162800,550.1533738383134,592.541400793094,77.1311711914918,2.598435820995363e+16,226.14226581602662,148.07222094225742,266.00681753471406,94.3436046596477,257.3003835145953,178.37663545100853,200.0181442182813,2001.229546307087,298695260.09448946,1082211916916.2825,0.4929267439392926,0.16640426224718965
164280,555.1547681459328,589.1313739849231,80.5411979939071,2.5984358209730304e+16,225.8405247025545,148.07222094210516,265.06815795481333,100.03818419311693,256.10841956114155,215.04506493774036,200.01879013529395,1989.7126356016465,296064174.77019584,1077189134378.0581,0.4701969542485144,0.1587310452809015
165760,560.1561624535523,585.9797736963706,83.69279827660003,2.598435820950294e+16,225.49507053350516,148.03807105266708,263.9518460877556,91.3723189134634,254.69956099491952,203.10415743202262,200.0194529982966,1979.068525996546,293968257.6517155,1073082627518.9795,0.44983736093448745,0.1518579690705379
167240,565.1575567611717,582.9549861443993,86.71758582275632,2.5984358209277304e+16,225.21638277441897,148.03807105247023,262.9693935449723,98.80129174147567,252.7495767179587,195.3950001244347,200.02013314414447,1968.8527094946032,291582042.4724225,1070978505401.17,0.4340081445916534,0.14651427632389474
168720,570.1589510687911,580.1208402457927,89.55173171562072,2.5984358209054504e+16,224.8528545428003,148.03807105235245,261.50771520247565,91.51970040020485,250.39764507569117,187.3697421765094,200.0208309138434,1959.2807597485682,289611179.0665673,1069591443111.0931,0.4244191643773537,0.14327718841897472
170200,575.1603453764105,577.4960969262756,92.17647502936434,2.598435820883049e+16,224.62709253181578,148.0380710520851,260.6271292926259,93.80466445521607,250.05426876216592,180.45004690006982,200.02154665223333,1950.4160392826918,287699650.4354588,1064344640256.426,0.4218807017565141,0.14242024358648198
171680,580.16173968403,575.0734639865145,94.59910796349388,2.5984358208611972e+16,224.35889770325562,148.03807105176983,259.6330227790466,95.83983683169862,249.354260063658,190.21149465086611,200.02228070765227,1942.2339196663788,285847008.8430532,1059887687214.7906,0.426139311363908,0.14385788272908842
173160,585.1631339916494,572.9913105121914,96.6812614323245,2.5984358208398852e+16,223.99782514601043,148.03807105157077,258.5478721827785,92.36430934472165,247.83171403748736,216.63797066902129,200.02303343158312,1935.2017240304547,284640927.6176021,1057824601063.3265,0.43627476859835873,0.14727945255134184
174640,590.1645282992688,571.2177782762467,98.4547936625938,2.5984358208178644e+16,223.85118066600887,148.03302767212358,257.55330363510905,96.67635983552054,247.2371926319966,179.25495005936497,200.02380517828544,1929.2118554623676,283388706.4941149,1057054319281.1533,0.4505136589361295,0.152086276398428
176120,595.1659226068882,569.6989920427325,99.97357989036516,2.598435820795581e+16,223.57109080618415,148.0330276719159,256.4593258048879,92.50054835600487,245.3370001430663,205.1313658996241,200.02459630441444,1924.0823575387376,282406903.2112372,1059155246164.6924,0.46628723938630673,0.1574111873430011
177600,600.1673169145076,568.4135292156278,101.2590427114441,2.5984358207722e+16,223.32213618894997,147.99336805148374,255.12682966423398,95.10653896999472,243.65408325511305,203.92025021263976,200.0254071686297,1919.740878298911,281501262.442991,1056732313304.9724,0.4811108134672484,0.16241539120803705
179080,605.1687112221271,567.3296376424244,102.34293427832249,2.5984358207476572e+16,223.10549168695786,147.99336805135425,254.23521100539932,100.43714719804692,243.4331150372783,197.91803179905756,200.0262381311959,1916.0801790829826,280346337.0907318,1057441474291.5378,0.49266935085967695,0.1663173703418635
180560,610.1701055297464,566.5883335719877,103.0842383421118,2.5984358207218652e+16,222.78936831380372,147.9933680512179,252.79683135950395,102.7438745021404,241.78284312317732,179.94756095032713,200.0270895535778,1913.5765234623464,279907061.5931959,1045825345686.3378,0.49939405533141534,0.1685875242443032
182040,615.1714998373659,566.1784858442413,103.49408606310442,2.598435820695659e+16,222.44270330102228,147.9933680511379,251.26632363598503,107.300660297584,239.71383170759125,181.94336879066134,200.02796179803198,1912.1923174285482,279377528.7481868,1054179937336.5591,0.5007584097903854,0.16904810881137355
183520,620.1728941449853,566.040740069319,103.63183183075618,2.598435820667448e+16,221.98591800862818,147.99336805108845,249.5876374242447,106.7838543378585,239.12954544272142,163.907803164269,200.02885522719728,1911.7270994466744,278731002.54202324,1056202792236.6487,0.49664521747731705,0.16765956006837174
185000,625.1742884526047,566.417459057915,103.25511283580084,2.5984358206427732e+16,221.61376106320856,147.9933680509897,248.81561456926957,104.04781077412534,238.09430077403448,175.86458897053694,200.02977020368607,1912.9994175827987,278857367.8048993,1055734637663.3212,0.4877225759303796,0.16464741758003415
186480,630.1756827602242,567.1688007580485,102.5037711281586,2.598435820613638e+16,221.13359953226413,147.9933680509619,248.02106874201485,110.58118758973447,237.5571282458716,168.10156826513733,200.03070708967758,1915.5369739588887,278314674.80455506,1054782573816.6287,0.4751206588651321,0.16039321000444084
187960,635.1770770678436,568.3604876552258,101.31208422280156,2.598435820581899e+16,220.49864550997268,147.99336805094634,247.4586390309003,111.32698454893114,237.47692485982213,163.86371553165756,200.0316662465142,1919.5617375034883,278435412.3944874,1059657253375.4614,0.4599142717464787,0.15525977454278986
189440,640.178471375463,570.000329671529,99.67224219882962,2.5984358205521436e+16,219.94374490233042,147.99336805092088,246.36096441503406,111.46189995829518,236.33114563861105,157.84886352199024,200.03264803430164,1925.1000851867211,278347090.97927076,1056168960606.2163,0.4434623410965798,0.1497058632845541
190920,645.1798656830823,572.2482391995554,97.42433266243742,2.598435820519683e+16,219.3047086080615,147.99336805091255,245.4712550544702,113.31435919227276,235.7147205178759,150.44158745632942,200.03365281151275,1932.6920997850098,279196851.1295296,1070753792746.3395,0.42670333497430823,0.1440482882086319
192400,650.1812599907018,575.1240309530189,94.54854090274274,2.5984358204955044e+16,218.76154505462415,147.99336805088242,244.42266039265544,113.83534303341892,234.88021192562633,134.72128282750768,200.03468093459435,1942.40470285098,280176244.05547357,1070887361653.1282,0.41026240129385966,0.13849808938068542
193880,655.1826542983213,578.5538326817477,91.11873916747646,2.5984358204701384e+16,218.05762248537508,147.99336805086628,243.5844630859643,115.0854230514901,234.63396265232706,145.7480347406569,200.0357327575778,1953.98840071297,281347464.40794605,1085703677956.8374,0.39479117678984954,0.1332752489620597
195360,660.1840486059407,582.4686615267942,87.20391031606812,2.5984358204454536e+16,217.52450232672012,144.53962673863737,242.65573156225196,116.49098298958155,233.91717864292596,127.12422420143206,200.03680863169112,1967.210212966014,282141035.2455386,1088240232868.5588,0.3801324962411991,0.12832671058974096
196840,665.1854429135602,586.9257527315524,82.74681910463589,2.598435820419557e+16,216.86440968195208,144.3593805399766,241.74377596919075,116.50182991555937,233.50714857154418,131.86086302965046,200.03790890497265,1982.263444010476,284236410.73979324,1103985054844.7617,0.36628316218065265,0.12365139475292428
197673,668.0004168718351,589.5130177494823,80.15955408259248,2.598435820403596e+16,216.59457842903205,144.32745506276785,241.22142363155785,116.84416433300595,233.14494721675487,129.72921496022317,200.03853904103823,1991.0015865117057,285048680.14697784,1100742708501.9236,0.3588062222968039,0.1211272982075062
